Variant Region ID,Type,Clinical Assertion,Location,Genes in region,description
nsv3875336,copy number variation,Pathogenic,"GRCh37 chr1: 143,721,526-149,232,481 , GRCh38.p12 chr7: 58,093,723-62,429,627",LOC101060796,1q21.1-21.2(chr1:143721526-149232481)x
nsv6312995,copy number variation,Pathogenic,"GRCh37 chrX: 31,645,770-31,792,329 , GRCh38.p12 chrX: 31,627,653-31,774,212",DMD,NC_000023.10:g.(?_31645770)_(31792329_?)del
nsv5672872,copy number variation,Pathogenic,"GRCh37 chr17: 29,422,314-29,548,957 , GRCh38.p12 chr17: 31,095,296-31,221,939",NF1,NC_000017.10:g.(?_29422314)_(29548957_?)del
nsv6137852,copy number variation,Pathogenic,"GRCh38 chr16: 3,727,580-3,851,110 , GRCh37.p13 chr16: 3,777,581-3,901,111",CREBBP,16p13.3(chr16:3727580-3851110)x1
nsv7093597,insertion,Pathogenic,"GRCh37 chr17: 29,550,464-29,550,464 , GRCh38 chr17: 31,223,446-31,223,446",NF1,NM_001042492.3(NF1):c.1738_1739insTTTTTTTTTTTTTTTTTTTTNNNNNNNNNNGACCTCGTGATCCGCCCGCCTCGGCCTCCCAAAGTGCTGGGATTACAGGCGTGAGCCACCGCGCCCGGCCTACAAATGCTTTTTT (p.Tyr580fs)
nsv6314514,complex chromosomal rearrangement,Pathogenic,"GRCh37 chr7: 128,114,028-128,114,028 , GRCh37 chr19: 32,861,768-32,861,768 , GRCh37 chr19: 29,247,464-29,247,464 , GRCh37 chr19: 32,861,768-32,861,768 , GRCh37 chr7: 128,114,023-128,114,023 , GRCh37 chr19: 29,247,464-29,247,464 , GRCh38.p12 chr7: 128,473,969-128,473,969 , GRCh38.p12 chr19: 28,756,557-28,756,557 , GRCh38.p12 chr7: 128,473,974-128,473,974 , GRCh38.p12 chr19: 28,756,557-28,756,557 , GRCh38.p12 chr19: 32,370,862-32,370,862 , GRCh38.p12 chr19: 32,370,862-32,370,862",ZNF507,46;XY;t(7;19)(q32;q13.1)dn
nsv3919275,insertion,Pathogenic,"GRCh37 chr7: 42,005,900-42,005,900 , GRCh38 chr7: 41,966,302-41,966,302",GLI3,NM_000168.5(GLI3):c.2770_2771insNC_012920.1:g.12243..12314
nsv4684390,delins,Pathogenic,"GRCh37 chr9: 108,484,281-108,505,262 , GRCh38 chr9: 105,722,000-105,742,981",TMEM38B,NC_000009.11:g.108484281_108505262delinsAATTAAGGTATA
nsv4578697,delins,Pathogenic,"GRCh37 chr16: 1,569,145-1,571,812 , GRCh38 chr16: 1,519,144-1,521,811",IFT140,NC_000016.9:g.1569145_1571812delinsG
nsv4436066,complex substitution,Pathogenic,"GRCh38.p12 chr9: 78,228,782-78,244,763 , GRCh37 chr9: 80,843,698-80,859,679",CEP78,"46,XX,der(9)(q21.2,q21.2).seq[GRCh37/hg19]der(9)(9pter->9q21.2(+)(8084369{7-8})::q21.2(-)(808497{60-59}),q21.2(-)(8084946{5-3})::q21.2(+)(808596{79-81}->9qter)"
nsv6638079,inversion,Pathogenic,"GRCh37 chr5: 112,154,360-112,155,231 , GRCh38 chr5: 112,818,663-112,819,534",APC,NC_000005.10:g.112818663_112819534inv872
nsv6314631,complex chromosomal rearrangement,Pathogenic,"GRCh38.p12 chr12: 13,802,882-13,802,882 , GRCh38.p12 chr12: 13,802,884-13,802,884 , GRCh38.p12 chr12: 81,925,247-81,925,247 , GRCh38.p12 chr12: 81,925,249-81,925,249 , GRCh37 chr12: 13,955,816-13,955,816 , GRCh37 chr12: 13,955,818-13,955,818 , GRCh37 chr12: 82,319,026-82,319,026 , GRCh37 chr12: 82,319,028-82,319,028",GRIN2B,46;XY;inv(12)(p12.1q21.2)dn
nsv6314282,complex chromosomal rearrangement,Pathogenic,"GRCh37 chr11: 46,619,320-46,619,320 , GRCh37 chr11: 46,619,326-46,619,326 , GRCh38.p12 chr11: 46,597,770-46,597,770 , GRCh38.p12 chr11: 46,597,776-46,597,776 , GRCh38.p12 chr9: 137,767,171-137,767,171 , GRCh38.p12 chr9: 137,767,202-137,767,202 , GRCh37 chr9: 140,661,623-140,661,623 , GRCh37 chr9: 140,661,654-140,661,654",EHMT1,46;XY;t(9;11)(q34;p11.2)dn
nsv7093439,delins,Likely pathogenic,"GRCh38 chr10: 101,017,287-101,018,201 , GRCh37 chr10: 102,777,044-102,777,958",PDZD7,NC_000010.11:g.101017287_101018201delinsT
nsv7093572,inversion,Likely pathogenic,"GRCh37 chr20: 49,515,761-49,525,309 , GRCh38 chr20: 50,899,224-50,908,772",ADNP,NC_000020.11:g.50899224_50908772inv9549
nsv4458037,tandem duplication,Uncertain significance,"GRCh37 chr9: 135,803,187-135,807,265 , GRCh38.p12 chr9: 132,927,800-132,931,878",TSC1,NC_000009.11:g.(135803187_135803191)_(135807261_135807265)dup
nsv6314259,insertion,Uncertain significance,"GRCh37 chr7: 130,023,531-130,023,531 , GRCh38 chr7: 130,383,690-130,383,690",CPA1,NM_001868.4(CPA1):c.607_608insGCCGGGCGCGGTGGCTCACGCCTGTAATCCCACCACGATGGGAGGCCGAGGCGCGCGGATCACGAGGTCAAGANNNNNNNNNNAAAAAAAAAAAAAAAAAAAAAAGACTACGGGCAGG (p.Asp203fs)
nsv6634698,delins,Pathogenic,"GRCh37 chr3: 37,090,048-37,090,048 , GRCh38 chr3: 37,048,557-37,048,557",MLH1,NM_000249.4(MLH1):c.1937delinsTTGGAGGGACTGCCCCCTTTGTGCCCCTTTGTGCCCCTTTGTGCCCCTTTGTGCCCCTTTGTGCCCCTT (p.Tyr646fs)
nsv6314306,complex chromosomal rearrangement,Likely pathogenic,"GRCh38.p12 chr4: 11,160,052-11,160,052 , GRCh38.p12 chr4: 11,160,057-11,160,057 , GRCh37 chr4: 11,161,676-11,161,676 , GRCh37 chr4: 11,161,681-11,161,681 , GRCh38.p12 chr1: 164,799,626-164,799,626 , GRCh38.p12 chr1: 164,799,656-164,799,656 , GRCh37 chr1: 164,768,863-164,768,863 , GRCh37 chr1: 164,768,893-164,768,893",PBX1,46;XY;t(1;4)(q21.3;p15.2)dn
nsv6314613,inversion,Uncertain significance,"GRCh37 chrX: 13,786,339-13,786,405 , GRCh38 chrX: 13,768,220-13,768,286",OFD1,NC_000023.11:g.13768220_13768286inv67
nsv6314434,complex chromosomal rearrangement,Uncertain significance,"GRCh38.p12 chr14: 64,254,366-64,254,366 , GRCh38.p12 chr14: 64,254,370-64,254,370 , GRCh38.p12 chr14: 94,572,549-94,572,549 , GRCh38.p12 chr14: 94,572,550-94,572,550 , GRCh37 chr14: 64,721,084-64,721,084 , GRCh37 chr14: 64,721,088-64,721,088 , GRCh37 chr14: 95,038,886-95,038,886 , GRCh37 chr14: 95,038,887-95,038,887",ESR2,46;XX;inv(14)(q24.1q32.1)dn
esv3302965,tandem duplication,,"NCBI36 chr17: 35,950,953-35,962,203 , GRCh37.p13 chr17: 38,697,427-38,708,677 , GRCh38.p12 chr17: 40,541,175-40,552,425",CCR7,NC_000017.10:g.(38697428_38697628)_(38708477_38708677)dup
esv3302998,tandem duplication,,"NCBI36 chr22: 40,948,203-40,949,546 , GRCh37.p13 chr22: 42,618,259-42,619,602 , GRCh38.p12 chr22: 42,222,253-42,223,596",TCF20,NC_000022.11:g.(42222254_42222454)_(42223396_42223596)dup